Variable 1,Variable 2,Correlation Coefficient,P-Value,Significance
V-SE-Power,V-SE-Achievement,0.38652858569887877,9.864816198714398e-08,***
V-SE-Power,AVG-V-Self-Enhacemen,0.7957529360234548,3.497827545308359e-40,***
V-SE-Power,V-O-Hedonism,0.16057403638528617,0.03226232778682012,*
V-SE-Power,V-O-Stimulation,0.24743811925424772,0.0008687313373146808,***
V-SE-Power,V-O-Self_direction,0.02465828219899938,0.7438838805878382,
V-SE-Power,AVG-V-Openness_to_change,0.19717015336243865,0.008339838087634398,**
V-SE-Power,V-ST-Universalism,0.015478732671105081,0.8375179003410721,
V-SE-Power,V-ST-Benevolence,0.06261951459855024,0.4063251617062162,
V-SE-Power,AVG-V-Self_transcendence,0.04317901024942671,0.5671267293975794,
V-SE-Power,V-C-Tradition,0.10107413364887698,0.17945432308675777,
V-SE-Power,V-C-Conformity,0.09761107802721015,0.1949007929028349,
V-SE-Power,V-C-Security,0.019349681982039353,0.7976711909372761,
V-SE-Power,AVG-V-Conservation,0.09659954822914323,0.19958991371419527,
V-SE-Power,P-OX-Aesthetic_appreciation,0.013419973323938322,0.8588868308625061,
V-SE-Power,P-OX-Inquisitiveness,-0.030381287458372125,0.6872615069765717,
V-SE-Power,P-OX-Creativity,0.030665361613955625,0.6844927004242408,
V-SE-Power,P-OX-Unconventionality,-0.0023501835022793583,0.9751622805904685,
V-SE-Power,AVG-P-Opennes_to_experience,-0.032533445742408115,0.6663909659678794,
V-SE-Power,P-E-Social_boldness,0.10431873171583445,0.16581901412452207,
V-SE-Power,P-E-Social_self-esteem,0.0959027111585137,0.2028674095282221,
V-SE-Power,P-E-Sociability,0.22984704806026307,0.002026189167494877,**
V-SE-Power,P-E-Liveliness,-0.059528947889180575,0.4299249517398377,
V-SE-Power,AVG-P-Extraversion,0.12866115971943612,0.08697382300597942,
V-SE-Power,P-HH-Modesty,-0.07008386701111234,0.35258264191122984,
V-SE-Power,P-HH-Greed avoidance,-0.3403493902441628,3.345691533810621e-06,***
V-SE-Power,P-HH-Fairness,-0.17176730698962533,0.021872062588946216,*
V-SE-Power,P-HH-Sincerity,0.04694983012047542,0.5337320665838938,
V-SE-Power,AVG-P-Honesty-Humility,-0.20769337003522712,0.005404942344420352,**
V-SE-Power,ATT-Favourable,-0.024876833163031534,0.7416938645013299,
V-SE-Power,ATT-Smart,0.028698972214006756,0.7037429106164497,
V-SE-Power,AVG-ATT,0.004113206590269073,0.9565442763428934,
V-SE-Power,BEH-take_part,-0.006926684080067072,0.9268859337135614,
V-SE-Power,BEH-passenger-usage,0.033691354366797,0.6552659536037113,
V-SE-Power,BEH-driver-usage,0.14642980434450983,0.051130909087973866,
V-SE-Power,INT-passenger,0.02666792350279132,0.7238255643619791,
V-SE-Power,INT-driver,0.037129004728383416,0.6226893267493803,
V-SE-Achievement,AVG-V-Self-Enhacemen,0.8661321918114159,6.770284975258176e-55,***
V-SE-Achievement,V-O-Hedonism,0.19748086073824575,0.008236125711525598,**
V-SE-Achievement,V-O-Stimulation,0.2932115687766564,7.126331140672732e-05,***
V-SE-Achievement,V-O-Self_direction,0.12840745265236225,0.08760328971150645,
V-SE-Achievement,AVG-V-Openness_to_change,0.2770365822337829,0.00018137974153307045,***
V-SE-Achievement,V-ST-Universalism,0.0763936713632788,0.3108118665252566,
V-SE-Achievement,V-ST-Benevolence,0.09956497482507659,0.18607098054696464,
V-SE-Achievement,AVG-V-Self_transcendence,0.10183409095734726,0.1761888176798001,
V-SE-Achievement,V-C-Tradition,0.1375051298965583,0.06720113682069065,
V-SE-Achievement,V-C-Conformity,0.09544283650523448,0.20505156125300822,
V-SE-Achievement,V-C-Security,0.13518087895507824,0.07200306698024764,
V-SE-Achievement,AVG-V-Conservation,0.16738047821833738,0.02553710331183391,*
V-SE-Achievement,P-OX-Aesthetic_appreciation,-0.04119252588442923,0.5851094300928011,
V-SE-Achievement,P-OX-Inquisitiveness,0.05693926342408757,0.45029385208112527,
V-SE-Achievement,P-OX-Creativity,0.022589831119071622,0.7647105487524528,
V-SE-Achievement,P-OX-Unconventionality,-0.016308069414357633,0.8289423306116355,
V-SE-Achievement,AVG-P-Opennes_to_experience,0.004584081410410557,0.9515752676905603,
V-SE-Achievement,P-E-Social_boldness,0.17108688584280318,0.022408927408991777,*
V-SE-Achievement,P-E-Social_self-esteem,0.08395577040387503,0.2651991730619783,
V-SE-Achievement,P-E-Sociability,0.18983429867291599,0.0111493335036337,*
V-SE-Achievement,P-E-Liveliness,0.05085579770590015,0.5002113994701209,
V-SE-Achievement,AVG-P-Extraversion,0.19575577368925007,0.008826730484093775,**
V-SE-Achievement,P-HH-Modesty,-0.04523023921732452,0.5488380826020762,
V-SE-Achievement,P-HH-Greed avoidance,-0.26546651172500757,0.0003419064274853612,***
V-SE-Achievement,P-HH-Fairness,-0.05323980077487175,0.4803100263421364,
V-SE-Achievement,P-HH-Sincerity,-0.10017809060223559,0.18336163276433912,
V-SE-Achievement,AVG-P-Honesty-Humility,-0.189284840351465,0.011389965923686926,*
V-SE-Achievement,ATT-Favourable,-0.1338628590819828,0.07484761954955695,
V-SE-Achievement,ATT-Smart,0.034620293779549796,0.6463952136460366,
V-SE-Achievement,AVG-ATT,-0.05171368853527576,0.49300026315247697,
V-SE-Achievement,BEH-take_part,-0.058185135084429025,0.44042764238135945,
V-SE-Achievement,BEH-passenger-usage,-0.016350734977207047,0.8285016939231026,
V-SE-Achievement,BEH-driver-usage,-0.027078691389045957,0.7197482021782524,
V-SE-Achievement,INT-passenger,0.05291116489043544,0.48302776314303014,
V-SE-Achievement,INT-driver,-0.09640172570426897,0.20051642692274102,
AVG-V-Self-Enhacemen,V-O-Hedonism,0.21669829242037342,0.0036684240432197156,**
AVG-V-Self-Enhacemen,V-O-Stimulation,0.32663542427642545,8.59403351677082e-06,***
AVG-V-Self-Enhacemen,V-O-Self_direction,0.09768305728939593,0.19457020006995843,
AVG-V-Self-Enhacemen,AVG-V-Openness_to_change,0.2887719791346003,9.261517646743438e-05,***
AVG-V-Self-Enhacemen,V-ST-Universalism,0.05855303653678661,0.43753786667207123,
AVG-V-Self-Enhacemen,V-ST-Benevolence,0.09931594083476997,0.18717979538475157,
AVG-V-Self-Enhacemen,AVG-V-Self_transcendence,0.09027047357884842,0.23079188838159775,
AVG-V-Self-Enhacemen,V-C-Tradition,0.14506959719579177,0.053351233504483175,
AVG-V-Self-Enhacemen,V-C-Conformity,0.11557227806065322,0.12448552283859547,
AVG-V-Self-Enhacemen,V-C-Security,0.09925396623354893,0.1874564852593392,
AVG-V-Self-Enhacemen,AVG-V-Conservation,0.16226256382052145,0.030467252048405367,*
AVG-V-Self-Enhacemen,P-OX-Aesthetic_appreciation,-0.01977666402635235,0.7933057778156655,
AVG-V-Self-Enhacemen,P-OX-Inquisitiveness,0.02092495402468193,0.7815979670238214,
AVG-V-Self-Enhacemen,P-OX-Creativity,0.03145245832088242,0.676843074687046,
AVG-V-Self-Enhacemen,P-OX-Unconventionality,-0.011982481895526469,0.8738692744172284,
AVG-V-Self-Enhacemen,AVG-P-Opennes_to_experience,-0.014620856791213612,0.8464087427581807,
AVG-V-Self-Enhacemen,P-E-Social_boldness,0.16887970870762067,0.02422932679423373,*
AVG-V-Self-Enhacemen,P-E-Social_self-esteem,0.10710337266111267,0.15474590098371008,
AVG-V-Self-Enhacemen,P-E-Sociability,0.24921862456310287,0.0007946359254539152,***
AVG-V-Self-Enhacemen,P-E-Liveliness,0.0011340385363080019,0.9880135350710425,
AVG-V-Self-Enhacemen,AVG-P-Extraversion,0.19827077450492217,0.00797759157249511,**
AVG-V-Self-Enhacemen,P-HH-Modesty,-0.06768176887926218,0.36936925039040946,
AVG-V-Self-Enhacemen,P-HH-Greed avoidance,-0.35876832199388603,8.763403673374626e-07,***
AVG-V-Self-Enhacemen,P-HH-Fairness,-0.1280471946149763,0.08850337223795883,
AVG-V-Self-Enhacemen,P-HH-Sincerity,-0.04033901747057644,0.5929156862724468,
AVG-V-Self-Enhacemen,AVG-P-Honesty-Humility,-0.2368519507368878,0.0014568030388497418,**
AVG-V-Self-Enhacemen,ATT-Favourable,-0.10138383729192744,0.17811819452395775,
AVG-V-Self-Enhacemen,ATT-Smart,0.03828670840621192,0.6118771875488982,
AVG-V-Self-Enhacemen,AVG-ATT,-0.031729144201091825,0.6741618066978315,
AVG-V-Self-Enhacemen,BEH-take_part,-0.04196158514396465,0.5781163779350882,
AVG-V-Self-Enhacemen,BEH-passenger-usage,0.007521694678376067,0.920625114514913,
AVG-V-Self-Enhacemen,BEH-driver-usage,0.061574072168418,0.41422108217621373,
AVG-V-Self-Enhacemen,INT-passenger,0.049196868242447685,0.5143116033840502,
AVG-V-Self-Enhacemen,INT-driver,-0.04318149018004871,0.567104444818713,
V-O-Hedonism,V-O-Stimulation,0.4342018975491597,1.4023413187232577e-09,***
V-O-Hedonism,V-O-Self_direction,0.25108570619646464,0.0007232193223373184,***
V-O-Hedonism,AVG-V-Openness_to_change,0.7621837683185289,4.5344122581319227e-35,***
V-O-Hedonism,V-ST-Universalism,0.1412254552838941,0.06006131076898032,
V-O-Hedonism,V-ST-Benevolence,0.13660134803675708,0.06903635187782416,
V-O-Hedonism,AVG-V-Self_transcendence,0.16304716946706468,0.029662521296878727,*
V-O-Hedonism,V-C-Tradition,0.11863841101294784,0.11473619301753103,
V-O-Hedonism,V-C-Conformity,0.09877984630186322,0.18958313777124977,
V-O-Hedonism,V-C-Security,0.05927220957594997,0.43192029464047144,
V-O-Hedonism,AVG-V-Conservation,0.12412372081388204,0.09879171330979125,
V-O-Hedonism,P-OX-Aesthetic_appreciation,0.07568704497161172,0.31532174945911107,
V-O-Hedonism,P-OX-Inquisitiveness,0.046577291769885884,0.536986934454626,
V-O-Hedonism,P-OX-Creativity,0.01946601429891704,0.796481195191013,
V-O-Hedonism,P-OX-Unconventionality,0.1304171089960169,0.08271581031427794,
V-O-Hedonism,AVG-P-Opennes_to_experience,0.13009519608144335,0.08348362404609665,
V-O-Hedonism,P-E-Social_boldness,0.08184085374685468,0.2774686262348728,
V-O-Hedonism,P-E-Social_self-esteem,-0.016882482613368676,0.8230145003237137,
V-O-Hedonism,P-E-Sociability,0.00018602168740886095,0.9980337322919349,
V-O-Hedonism,P-E-Liveliness,-0.029689704311003005,0.6940195580904229,
V-O-Hedonism,AVG-P-Extraversion,0.021065574851614748,0.780167524675643,
V-O-Hedonism,P-HH-Modesty,0.1197382152015744,0.11138805759416939,
V-O-Hedonism,P-HH-Greed avoidance,0.044394855502985234,0.5562513908711695,
V-O-Hedonism,P-HH-Fairness,-0.055092806906723954,0.465141920366576,
V-O-Hedonism,P-HH-Sincerity,0.06838254583294884,0.36442185851146136,
V-O-Hedonism,AVG-P-Honesty-Humility,0.07319066266240028,0.3315938315854027,
V-O-Hedonism,ATT-Favourable,-0.15027017106175874,0.04527262231007782,*
V-O-Hedonism,ATT-Smart,-0.04686598159895248,0.5344637884761937,
V-O-Hedonism,AVG-ATT,-0.11089324147733157,0.14058237347218064,
V-O-Hedonism,BEH-take_part,0.04551940988201639,0.5462832547908242,
V-O-Hedonism,BEH-passenger-usage,0.016765703149328546,0.8242188421478633,
V-O-Hedonism,BEH-driver-usage,-0.02235280533975635,0.7671082268928356,
V-O-Hedonism,INT-passenger,0.07402632718080944,0.3260878456071519,
V-O-Hedonism,INT-driver,-0.08411500550610926,0.26429062936882036,
V-O-Stimulation,V-O-Self_direction,0.3780024705722693,1.971937906041366e-07,***
V-O-Stimulation,AVG-V-Openness_to_change,0.8097583477446868,1.3135448339087812e-42,***
V-O-Stimulation,V-ST-Universalism,0.24018478842951235,0.001240966425319099,**
V-O-Stimulation,V-ST-Benevolence,0.17669096319508826,0.01830761917595721,*
V-O-Stimulation,AVG-V-Self_transcendence,0.24774914953863564,0.0008553464817576513,***
V-O-Stimulation,V-C-Tradition,0.054254536019864255,0.4719708160929729,
V-O-Stimulation,V-C-Conformity,0.02603412333642936,0.7301320232541321,
V-O-Stimulation,V-C-Security,0.10965628316620173,0.1450921485483865,
V-O-Stimulation,AVG-V-Conservation,0.08782984439499573,0.24369732166837335,
V-O-Stimulation,P-OX-Aesthetic_appreciation,0.17802322234293377,0.017434453660083723,*
V-O-Stimulation,P-OX-Inquisitiveness,0.13338982730530244,0.07589044341960355,
V-O-Stimulation,P-OX-Creativity,0.2316056437019678,0.0018668143498596762,**
V-O-Stimulation,P-OX-Unconventionality,0.2143731921392345,0.00406044629665473,**
V-O-Stimulation,AVG-P-Opennes_to_experience,0.30934573830779666,2.6499250262216263e-05,***
V-O-Stimulation,P-E-Social_boldness,0.0942751657292254,0.21067339202754157,
V-O-Stimulation,P-E-Social_self-esteem,-0.04659850875334157,0.5368012963091782,
V-O-Stimulation,P-E-Sociability,0.04456418821886248,0.5547448042467582,
V-O-Stimulation,P-E-Liveliness,-0.010573860693359378,0.8885944790282881,
V-O-Stimulation,AVG-P-Extraversion,0.042198566984819545,0.5759693858252819,
V-O-Stimulation,P-HH-Modesty,0.052984266739916915,0.4824225139587184,
V-O-Stimulation,P-HH-Greed avoidance,-0.08595714230348458,0.2539346050759858,
V-O-Stimulation,P-HH-Fairness,-0.10121694628050973,0.17883728349611197,
V-O-Stimulation,P-HH-Sincerity,-0.01978160255679799,0.7932553241341904,
V-O-Stimulation,AVG-P-Honesty-Humility,-0.06224684789094897,0.40912953175731354,
V-O-Stimulation,ATT-Favourable,-0.01474983829646429,0.8450707381139793,
V-O-Stimulation,ATT-Smart,0.10575336713189687,0.1600425769294295,
V-O-Stimulation,AVG-ATT,0.057133745833100005,0.44874559477157105,
V-O-Stimulation,BEH-take_part,-0.029193191632338116,0.6988863657627998,
V-O-Stimulation,BEH-passenger-usage,0.039646102849470566,0.5992877255962623,
V-O-Stimulation,BEH-driver-usage,0.05862131980534581,0.43700271111232264,
V-O-Stimulation,INT-passenger,0.07352802307553369,0.32936391601747406,
V-O-Stimulation,INT-driver,-0.024739793130636626,0.7430668492860101,
V-O-Self_direction,AVG-V-Openness_to_change,0.690323838115571,1.5780126422433753e-26,***
V-O-Self_direction,V-ST-Universalism,0.48334336966681024,8.273478535369774e-12,***
V-O-Self_direction,V-ST-Benevolence,0.27320754197828456,0.0002244195675640107,***
V-O-Self_direction,AVG-V-Self_transcendence,0.4548182317239616,1.7973442022048623e-10,***
V-O-Self_direction,V-C-Tradition,-0.0011717552174858098,0.9876149117083846,
V-O-Self_direction,V-C-Conformity,0.051711797867939245,0.49301609450534173,
V-O-Self_direction,V-C-Security,0.10340881229885214,0.16956246868849484,
V-O-Self_direction,AVG-V-Conservation,0.07150980713230885,0.34284788801776245,
V-O-Self_direction,P-OX-Aesthetic_appreciation,0.2570556067710651,0.0005326456520495877,***
V-O-Self_direction,P-OX-Inquisitiveness,0.15366139231965,0.04057631649908025,*
V-O-Self_direction,P-OX-Creativity,0.23806490236045771,0.0013745675986412411,**
V-O-Self_direction,P-OX-Unconventionality,0.18491645870369794,0.013471300833197338,*
V-O-Self_direction,AVG-P-Opennes_to_experience,0.279837427250152,0.00015491359452985694,***
V-O-Self_direction,P-E-Social_boldness,0.14162477622450942,0.05933347991494663,
V-O-Self_direction,P-E-Social_self-esteem,-0.08684721471360697,0.24903252939583817,
V-O-Self_direction,P-E-Sociability,-0.012497934750259357,0.8684914530892422,
V-O-Self_direction,P-E-Liveliness,-0.060767133759528504,0.42037672805600595,
V-O-Self_direction,AVG-P-Extraversion,0.010723750199897212,0.8870256852100747,
V-O-Self_direction,P-HH-Modesty,-0.03360143266381762,0.6561272362620445,
V-O-Self_direction,P-HH-Greed avoidance,0.01061999911159599,0.8881115324970017,
V-O-Self_direction,P-HH-Fairness,-0.03181174145165705,0.6733621777598197,
V-O-Self_direction,P-HH-Sincerity,0.019064902595743182,0.8005862415918973,
V-O-Self_direction,AVG-P-Honesty-Humility,-0.01227638274098337,0.870802224671146,
V-O-Self_direction,ATT-Favourable,0.07908634216915805,0.29401511162191935,
V-O-Self_direction,ATT-Smart,0.21356952312969896,0.004204473595173607,**
V-O-Self_direction,AVG-ATT,0.17479725278623146,0.01961396779122393,*
V-O-Self_direction,BEH-take_part,-0.007708951606718667,0.9186557503348062,
V-O-Self_direction,BEH-passenger-usage,0.10061369905135116,0.18145437148699842,
V-O-Self_direction,BEH-driver-usage,0.051488364798118275,0.4948888937728,
V-O-Self_direction,INT-passenger,0.19614353560948938,0.008690801592041322,**
V-O-Self_direction,INT-driver,0.05758427807648615,0.4451704805204737,
AVG-V-Openness_to_change,V-ST-Universalism,0.36905241054150506,3.9953180608532413e-07,***
AVG-V-Openness_to_change,V-ST-Benevolence,0.25385606618582823,0.000628088241911074,***
AVG-V-Openness_to_change,AVG-V-Self_transcendence,0.3713078460456511,3.350736001126623e-07,***
AVG-V-Openness_to_change,V-C-Tradition,0.07941543926822939,0.2920044105866549,
AVG-V-Openness_to_change,V-C-Conformity,0.07849863097295401,0.2976287276338764,
AVG-V-Openness_to_change,V-C-Security,0.11924220783992685,0.11288846545887418,
AVG-V-Openness_to_change,AVG-V-Conservation,0.12651616081702782,0.09241130597145976,
AVG-V-Openness_to_change,P-OX-Aesthetic_appreciation,0.21955878645279306,0.0032331090705630633,**
AVG-V-Openness_to_change,P-OX-Inquisitiveness,0.14421587381261672,0.05478515655043936,
AVG-V-Openness_to_change,P-OX-Creativity,0.21029969755966718,0.00483901419976116,**
AVG-V-Openness_to_change,P-OX-Unconventionality,0.23241401254744742,0.001797458389528818,**
AVG-V-Openness_to_change,AVG-P-Opennes_to_experience,0.3138792636378828,1.9856925818903e-05,***
AVG-V-Openness_to_change,P-E-Social_boldness,0.13766400705821485,0.06688267342222577,
AVG-V-Openness_to_change,P-E-Social_self-esteem,-0.06402175317922176,0.39587551862773823,
AVG-V-Openness_to_change,P-E-Sociability,0.015572976765686523,0.8365424061187267,
AVG-V-Openness_to_change,P-E-Liveliness,-0.042880954314781276,0.5698080754467933,
AVG-V-Openness_to_change,AVG-P-Extraversion,0.03333819378297418,0.6586511781614207,
AVG-V-Openness_to_change,P-HH-Modesty,0.06632228516111328,0.3790843976710462,
AVG-V-Openness_to_change,P-HH-Greed avoidance,-0.014326562018991386,0.8494632821733229,
AVG-V-Openness_to_change,P-HH-Fairness,-0.08435185544896398,0.26294318072406125,
AVG-V-Openness_to_change,P-HH-Sincerity,0.030489835712796686,0.6862030182336991,
AVG-V-Openness_to_change,AVG-P-Honesty-Humility,0.0007966107895297173,0.991579891356671,
AVG-V-Openness_to_change,ATT-Favourable,-0.04455726857882622,0.5548063308661259,
AVG-V-Openness_to_change,ATT-Smart,0.11232669224502675,0.13549080622860624,
AVG-V-Openness_to_change,AVG-ATT,0.04491862248931963,0.5515977505890969,
AVG-V-Openness_to_change,BEH-take_part,0.004733989260829361,0.9499937150698667,
AVG-V-Openness_to_change,BEH-passenger-usage,0.06643676502120537,0.378260341207919,
AVG-V-Openness_to_change,BEH-driver-usage,0.03719161447266796,0.6221024993323263,
AVG-V-Openness_to_change,INT-passenger,0.1467073435781243,0.050687424599981955,
AVG-V-Openness_to_change,INT-driver,-0.02714099185764074,0.71913048202564,
V-ST-Universalism,V-ST-Benevolence,0.4514757659890841,2.5314194369993046e-10,***
V-ST-Universalism,AVG-V-Self_transcendence,0.8805537720153878,5.773353689187613e-59,***
V-ST-Universalism,V-C-Tradition,0.04240088272306522,0.574139417577665,
V-ST-Universalism,V-C-Conformity,0.014522163917096839,0.8474328415726237,
V-ST-Universalism,V-C-Security,0.15432876855142277,0.039702056927623186,*
V-ST-Universalism,AVG-V-Conservation,0.09907605122630626,0.18825246218576355,
V-ST-Universalism,P-OX-Aesthetic_appreciation,0.28076683861698815,0.00014695967155718673,***
V-ST-Universalism,P-OX-Inquisitiveness,0.3026141794850507,4.0324452226244776e-05,***
V-ST-Universalism,P-OX-Creativity,0.22796092599601836,0.0022107959403909034,**
V-ST-Universalism,P-OX-Unconventionality,0.11740989005006547,0.11856844773605682,
V-ST-Universalism,AVG-P-Opennes_to_experience,0.292223020295602,7.557385820752808e-05,***
V-ST-Universalism,P-E-Social_boldness,0.11155320481263384,0.13822037534945247,
V-ST-Universalism,P-E-Social_self-esteem,-0.011172177261780864,0.8823349409094775,
V-ST-Universalism,P-E-Sociability,0.12562337092943293,0.0947527982536469,
V-ST-Universalism,P-E-Liveliness,0.004487759536489403,0.952591579582288,
V-ST-Universalism,AVG-P-Extraversion,0.09538682799777468,0.2053187243262735,
V-ST-Universalism,P-HH-Modesty,0.08152124494120848,0.279355613983484,
V-ST-Universalism,P-HH-Greed avoidance,-0.025145358175962366,0.7390059161350483,
V-ST-Universalism,P-HH-Fairness,0.03786829194204838,0.6157754024854574,
V-ST-Universalism,P-HH-Sincerity,0.03148893187172526,0.6764893886383666,
V-ST-Universalism,AVG-P-Honesty-Humility,0.050135915918369064,0.5063050124771572,
V-ST-Universalism,ATT-Favourable,0.21332978259589502,0.004248318937649978,**
V-ST-Universalism,ATT-Smart,0.19344451135205357,0.009676688020938642,**
V-ST-Universalism,AVG-ATT,0.23565308190719292,0.0015424777119039295,**
V-ST-Universalism,BEH-take_part,0.08323092990490105,0.26936181731139824,
V-ST-Universalism,BEH-passenger-usage,0.0005436931160501554,0.9942531532716067,
V-ST-Universalism,BEH-driver-usage,0.07329202685471292,0.3309228107256273,
V-ST-Universalism,INT-passenger,0.20510018309258574,0.006026101494703964,**
V-ST-Universalism,INT-driver,0.1110307626270562,0.14008766648568546,
V-ST-Benevolence,AVG-V-Self_transcendence,0.8204430575749158,1.3449925987502766e-44,***
V-ST-Benevolence,V-C-Tradition,0.18856275755921492,0.01171314236441858,*
V-ST-Benevolence,V-C-Conformity,0.15339226682061077,0.040933419228999963,*
V-ST-Benevolence,V-C-Security,0.16112913286061803,0.031662539394760214,*
V-ST-Benevolence,AVG-V-Conservation,0.22764330166763747,0.0022433461502635314,**
V-ST-Benevolence,P-OX-Aesthetic_appreciation,0.13106810581781203,0.08118042240221618,
V-ST-Benevolence,P-OX-Inquisitiveness,0.05723762377202398,0.44791986061906985,
V-ST-Benevolence,P-OX-Creativity,0.1512245085244426,0.04390722139864191,*
V-ST-Benevolence,P-OX-Unconventionality,0.13670127303873408,0.06883145871450005,
V-ST-Benevolence,AVG-P-Opennes_to_experience,0.27264647481366183,0.00023147136439045574,***
V-ST-Benevolence,P-E-Social_boldness,0.02995958765025332,0.6913793902417684,
V-ST-Benevolence,P-E-Social_self-esteem,0.06200866283190026,0.4109278740815357,
V-ST-Benevolence,P-E-Sociability,0.19196436807373835,0.010258273313310619,*
V-ST-Benevolence,P-E-Liveliness,0.003792449617984103,0.9599301045398714,
V-ST-Benevolence,AVG-P-Extraversion,0.09926405583123069,0.18741141916552145,
V-ST-Benevolence,P-HH-Modesty,0.13316877822368878,0.07638177130416261,
V-ST-Benevolence,P-HH-Greed avoidance,0.034162254794186483,0.6507630466613304,
V-ST-Benevolence,P-HH-Fairness,0.13472148646951873,0.07298439305411969,
V-ST-Benevolence,P-HH-Sincerity,0.2535080185216352,0.0006393707448228633,***
V-ST-Benevolence,AVG-P-Honesty-Humility,0.23201067526885788,0.0018317646872620939,**
V-ST-Benevolence,ATT-Favourable,0.1634313632693552,0.029275128342543224,*
V-ST-Benevolence,ATT-Smart,0.18206439273617664,0.015003573420227593,*
V-ST-Benevolence,AVG-ATT,0.20140781169637276,0.007020565030843887,**
V-ST-Benevolence,BEH-take_part,0.13083930115843861,0.08171742712217854,
V-ST-Benevolence,BEH-passenger-usage,0.13626854490941137,0.06972233957995712,
V-ST-Benevolence,BEH-driver-usage,0.05370369170057723,0.47648787106663193,
V-ST-Benevolence,INT-passenger,0.16489678819081718,0.02783687976332189,*
V-ST-Benevolence,INT-driver,0.1232484906078526,0.10121115711167097,
AVG-V-Self_transcendence,V-C-Tradition,0.12732546399299235,0.09032879820845942,
AVG-V-Self_transcendence,V-C-Conformity,0.09078104976650944,0.22815415299377634,
AVG-V-Self_transcendence,V-C-Security,0.1844712893645167,0.013701044645893865,*
AVG-V-Self_transcendence,AVG-V-Conservation,0.1843979966045692,0.013739196835303615,*
AVG-V-Self_transcendence,P-OX-Aesthetic_appreciation,0.2495189033926551,0.0007827287041961599,***
AVG-V-Self_transcendence,P-OX-Inquisitiveness,0.22430164710427597,0.00261315449141451,**
AVG-V-Self_transcendence,P-OX-Creativity,0.22638995052285282,0.0023760819309029363,**
AVG-V-Self_transcendence,P-OX-Unconventionality,0.1478404844805413,0.04890977915844375,*
AVG-V-Self_transcendence,AVG-P-Opennes_to_experience,0.33206034961893155,5.9493781598665175e-06,***
AVG-V-Self_transcendence,P-E-Social_boldness,0.08739079352382556,0.24607123619507293,
AVG-V-Self_transcendence,P-E-Social_self-esteem,0.02577804854938699,0.7326851953243396,
AVG-V-Self_transcendence,P-E-Sociability,0.18245685941344195,0.014784074420412017,*
AVG-V-Self_transcendence,P-E-Liveliness,0.004889922068078586,0.9483488054605355,
AVG-V-Self_transcendence,AVG-P-Extraversion,0.11384407002282182,0.13025627651951124,
AVG-V-Self_transcendence,P-HH-Modesty,0.12296860482822307,0.10199465760834713,
AVG-V-Self_transcendence,P-HH-Greed avoidance,0.0020338395419337843,0.9785046710893472,
AVG-V-Self_transcendence,P-HH-Fairness,0.09582282740947473,0.203245602695977,
AVG-V-Self_transcendence,P-HH-Sincerity,0.15483005874311223,0.03905584049454988,*
AVG-V-Self_transcendence,AVG-P-Honesty-Humility,0.1553595117768807,0.038382959481859165,*
AVG-V-Self_transcendence,ATT-Favourable,0.223498890445312,0.002709850973040553,**
AVG-V-Self_transcendence,ATT-Smart,0.22065459594924045,0.003079110512151498,**
AVG-V-Self_transcendence,AVG-ATT,0.25797409981179065,0.0005078334663981195,***
AVG-V-Self_transcendence,BEH-take_part,0.12282675331541684,0.10239357433145618,
AVG-V-Self_transcendence,BEH-passenger-usage,0.07272892545266675,0.33466151065968774,
AVG-V-Self_transcendence,BEH-driver-usage,0.07548698895894126,0.3166062646417273,
AVG-V-Self_transcendence,INT-passenger,0.21900417281324672,0.0033136735871460714,**
AVG-V-Self_transcendence,INT-driver,0.13660747999683204,0.06902376419052675,
V-C-Tradition,V-C-Conformity,0.43455217169387345,1.3557754976582542e-09,***
V-C-Tradition,V-C-Security,0.19008308927211393,0.011041857365052612,*
V-C-Tradition,AVG-V-Conservation,0.7246945524484911,2.8223355592041856e-30,***
V-C-Tradition,P-OX-Aesthetic_appreciation,0.02995623531543915,0.6914121621518902,
V-C-Tradition,P-OX-Inquisitiveness,-0.1812765007169268,0.015452832738242864,*
V-C-Tradition,P-OX-Creativity,0.025622954019588116,0.7342329816092004,
V-C-Tradition,P-OX-Unconventionality,-0.024263495161615137,0.7478450910367337,
V-C-Tradition,AVG-P-Opennes_to_experience,-0.0851591718534602,0.25838569097081754,
V-C-Tradition,P-E-Social_boldness,0.03286244470454247,0.6632224523900344,
V-C-Tradition,P-E-Social_self-esteem,0.021524830846531545,0.7755009791351236,
V-C-Tradition,P-E-Sociability,0.08536419533731111,0.257236982494624,
V-C-Tradition,P-E-Liveliness,-0.013680138420682008,0.8561804403176975,
V-C-Tradition,AVG-P-Extraversion,0.0446923975020375,0.5536054183217983,
V-C-Tradition,P-HH-Modesty,-0.033480506589032136,0.657286197867433,
V-C-Tradition,P-HH-Greed avoidance,-0.00793179095476008,0.9163128145884415,
V-C-Tradition,P-HH-Fairness,-0.0046957747019174,0.9503968666870677,
V-C-Tradition,P-HH-Sincerity,0.16335659752474566,0.029350176600107192,*
V-C-Tradition,AVG-P-Honesty-Humility,0.0564929190391395,0.4538584804828321,
V-C-Tradition,ATT-Favourable,-0.023800605544607653,0.7524980422596951,
V-C-Tradition,ATT-Smart,0.00866691622390246,0.9085889157827216,
V-C-Tradition,AVG-ATT,-0.007646611626345251,0.9193113199332374,
V-C-Tradition,BEH-take_part,0.023415285165979575,0.7563780898395016,
V-C-Tradition,BEH-passenger-usage,0.08737054326465298,0.2461811141922907,
V-C-Tradition,BEH-driver-usage,0.0863720013168034,0.2516415447323282,
V-C-Tradition,INT-passenger,0.05524426904893106,0.463913884060885,
V-C-Tradition,INT-driver,-0.06621615001704224,0.37984936413010856,
V-C-Conformity,V-C-Security,0.32381932192769874,1.0373260095442409e-05,***
V-C-Conformity,AVG-V-Conservation,0.7830664365533687,3.825944002298998e-38,***
V-C-Conformity,P-OX-Aesthetic_appreciation,-0.04424854080058127,0.5575547731076852,
V-C-Conformity,P-OX-Inquisitiveness,-0.1247037574229583,0.09721367019732903,
V-C-Conformity,P-OX-Creativity,-0.04136622133870982,0.5835266149833349,
V-C-Conformity,P-OX-Unconventionality,-0.15435151228592378,0.03967254422033503,*
V-C-Conformity,AVG-P-Opennes_to_experience,-0.08424752272990108,0.26353615314151285,
V-C-Conformity,P-E-Social_boldness,0.05409599150568257,0.47326851592241,
V-C-Conformity,P-E-Social_self-esteem,0.0477343269712734,0.5269103905586341,
V-C-Conformity,P-E-Sociability,0.12641353095893554,0.0926781035742852,
V-C-Conformity,P-E-Liveliness,-0.006946645323852487,0.9266758226067993,
V-C-Conformity,AVG-P-Extraversion,0.07973399832641825,0.29006683889928137,
V-C-Conformity,P-HH-Modesty,-0.12730409930527495,0.09038328880057753,
V-C-Conformity,P-HH-Greed avoidance,-0.04545211251989558,0.5468773061124349,
V-C-Conformity,P-HH-Fairness,0.07863458936276325,0.29679016538342023,
V-C-Conformity,P-HH-Sincerity,0.2345617956276882,0.0016244381688492347,**
V-C-Conformity,AVG-P-Honesty-Humility,0.07036076762728292,0.3506788262595952,
V-C-Conformity,ATT-Favourable,-0.08048578167371201,0.28552835249472175,
V-C-Conformity,ATT-Smart,-0.02511431730953506,0.7393164758445019,
V-C-Conformity,AVG-ATT,-0.05940295812131721,0.43090346686708475,
V-C-Conformity,BEH-take_part,-0.002920898908566604,0.9691334146581956,
V-C-Conformity,BEH-passenger-usage,0.014228967759837664,0.8504767281363655,
V-C-Conformity,BEH-driver-usage,-0.021308576537290028,0.7776973706268894,
V-C-Conformity,INT-passenger,0.013892277330184881,0.8539748853869753,
V-C-Conformity,INT-driver,-0.07295772629000045,0.33313914931804284,
V-C-Security,AVG-V-Conservation,0.7042369280751102,5.5732340745363245e-28,***
V-C-Security,P-OX-Aesthetic_appreciation,-0.01149451589203232,0.8789656530262036,
V-C-Security,P-OX-Inquisitiveness,-0.020751178109367007,0.783366686037353,
V-C-Security,P-OX-Creativity,-0.06113420666271582,0.41756997146836106,
V-C-Security,P-OX-Unconventionality,-0.01895587444228585,0.8017030041641068,
V-C-Security,AVG-P-Opennes_to_experience,-0.023095390385284298,0.7596039612414506,
V-C-Security,P-E-Social_boldness,-0.07067606449893668,0.348518903476477,
V-C-Security,P-E-Social_self-esteem,0.08522179704124012,0.2580344403299618,
V-C-Security,P-E-Sociability,0.00857244737661699,0.9095810277887316,
V-C-Security,P-E-Liveliness,0.008042719136772389,0.9151467816185893,
V-C-Security,AVG-P-Extraversion,-0.002598097073009867,0.9725432032560001,
V-C-Security,P-HH-Modesty,-0.05297301657531798,0.4825156334534951,
V-C-Security,P-HH-Greed avoidance,0.060677438442839016,0.42106423354996286,
V-C-Security,P-HH-Fairness,0.16175778560437828,0.03099474656101295,*
V-C-Security,P-HH-Sincerity,0.16676573060415736,0.02609059554383019,*
V-C-Security,AVG-P-Honesty-Humility,0.1424764733779106,0.05780534677667533,
V-C-Security,ATT-Favourable,0.02873654671786386,0.7033732532376548,
V-C-Security,ATT-Smart,-0.08117956252070112,0.2813824721421093,
V-C-Security,AVG-ATT,-0.034354282348510776,0.6489304243553737,
V-C-Security,BEH-take_part,-0.1951728795189856,0.009034605991329145,**
V-C-Security,BEH-passenger-usage,-0.027171451253643588,0.7188285378990278,
V-C-Security,BEH-driver-usage,-0.04587481188164684,0.543151297122102,
V-C-Security,INT-passenger,0.04460418454843199,0.5543892380090255,
V-C-Security,INT-driver,-0.16678646804072708,0.02607175823984121,*
AVG-V-Conservation,P-OX-Aesthetic_appreciation,-0.011407953377799339,0.8798702485241746,
AVG-V-Conservation,P-OX-Inquisitiveness,-0.14465268874315143,0.054047546369093064,
AVG-V-Conservation,P-OX-Creativity,-0.03575723323775691,0.6356057684412705,
AVG-V-Conservation,P-OX-Unconventionality,-0.08706918518052437,0.2478203146439868,
AVG-V-Conservation,AVG-P-Opennes_to_experience,-0.0855029015663469,0.25646183278236195,
AVG-V-Conservation,P-E-Social_boldness,0.004197126988471155,0.9556585599930628,
AVG-V-Conservation,P-E-Social_self-esteem,0.07110075584095563,0.3456228593083562,
AVG-V-Conservation,P-E-Sociability,0.096917800519086,0.19810587381040043,
AVG-V-Conservation,P-E-Liveliness,-0.0052332622867399745,0.9447277448436906,
AVG-V-Conservation,AVG-P-Extraversion,0.05321368406322775,0.4805257023456933,
AVG-V-Conservation,P-HH-Modesty,-0.0955547150500182,0.20451864597600458,
AVG-V-Conservation,P-HH-Greed avoidance,0.005749457673742264,0.9392858091676843,
AVG-V-Conservation,P-HH-Fairness,0.10937263474349514,0.14614160904228563,
AVG-V-Conservation,P-HH-Sincerity,0.25442034337363095,0.0006101858615044093,***
AVG-V-Conservation,AVG-P-Honesty-Humility,0.12385029065402374,0.09954260325986265,
AVG-V-Conservation,ATT-Favourable,-0.031780415093066616,0.6736654070915671,
AVG-V-Conservation,ATT-Smart,-0.04576379788892996,0.5441286481137697,
AVG-V-Conservation,AVG-ATT,-0.0455508311896449,0.5460059993464612,
AVG-V-Conservation,BEH-take_part,-0.08418960650244663,0.2638657131136914,
AVG-V-Conservation,BEH-passenger-usage,0.03202484037484162,0.671300845856419,
AVG-V-Conservation,BEH-driver-usage,0.0072824405849017506,0.9231420289843423,
AVG-V-Conservation,INT-passenger,0.052031872523215894,0.49033982594808073,
AVG-V-Conservation,INT-driver,-0.14124237811061768,0.06003031777001819,
P-OX-Aesthetic_appreciation,P-OX-Inquisitiveness,0.1617322898688817,0.031021594595737393,*
P-OX-Aesthetic_appreciation,P-OX-Creativity,0.28798813905552245,9.69577862023897e-05,***
P-OX-Aesthetic_appreciation,P-OX-Unconventionality,0.28218094124324355,0.00013558585303654697,***
P-OX-Aesthetic_appreciation,AVG-P-Opennes_to_experience,0.6757886648032811,4.266528963509998e-25,***
P-OX-Aesthetic_appreciation,P-E-Social_boldness,-0.016762267265617907,0.8242542825051248,
P-OX-Aesthetic_appreciation,P-E-Social_self-esteem,-0.10001162717474033,0.18409434917326706,
P-OX-Aesthetic_appreciation,P-E-Sociability,0.033525487138222176,0.6568550063806927,
P-OX-Aesthetic_appreciation,P-E-Liveliness,-0.05067566953365468,0.5017325107077572,
P-OX-Aesthetic_appreciation,AVG-P-Extraversion,-0.050114245262457204,0.5064890472367302,
P-OX-Aesthetic_appreciation,P-HH-Modesty,0.07743839614685762,0.30422184438422645,
P-OX-Aesthetic_appreciation,P-HH-Greed avoidance,0.04610750792338544,0.5411054916540822,
P-OX-Aesthetic_appreciation,P-HH-Fairness,0.024185122146561395,0.7486322590841263,
P-OX-Aesthetic_appreciation,P-HH-Sincerity,-0.021730679763874647,0.7734119226911238,
P-OX-Aesthetic_appreciation,AVG-P-Honesty-Humility,0.047472614337469125,0.5291812267180667,
P-OX-Aesthetic_appreciation,ATT-Favourable,0.05248461429621206,0.48656754194170176,
P-OX-Aesthetic_appreciation,ATT-Smart,0.1658317350903206,0.026951189663077742,*
P-OX-Aesthetic_appreciation,AVG-ATT,0.13085586403231558,0.0816784583585539,
P-OX-Aesthetic_appreciation,BEH-take_part,0.016529426629462787,0.8266568047757014,
P-OX-Aesthetic_appreciation,BEH-passenger-usage,0.009221381851054604,0.9027688157497378,
P-OX-Aesthetic_appreciation,BEH-driver-usage,-0.047887173791457495,0.5255864495318828,
P-OX-Aesthetic_appreciation,INT-passenger,0.11247951210078296,0.13495643568804608,
P-OX-Aesthetic_appreciation,INT-driver,0.019593753558877304,0.7951750549470918,
P-OX-Inquisitiveness,P-OX-Creativity,0.13555628936092648,0.07120911772090109,
P-OX-Inquisitiveness,P-OX-Unconventionality,0.07311953987258733,0.3320651776199353,
P-OX-Inquisitiveness,AVG-P-Opennes_to_experience,0.39876723591273194,3.524749573807024e-08,***
P-OX-Inquisitiveness,P-E-Social_boldness,-0.02821399512477206,0.708520310516235,
P-OX-Inquisitiveness,P-E-Social_self-esteem,0.13087810941452072,0.08162614343627743,
P-OX-Inquisitiveness,P-E-Sociability,-0.04480378152846483,0.5526164806032882,
P-OX-Inquisitiveness,P-E-Liveliness,0.10841596486346741,0.14972364662753782,
P-OX-Inquisitiveness,AVG-P-Extraversion,0.06050860125533538,0.42236012671922435,
P-OX-Inquisitiveness,P-HH-Modesty,0.14928549840926197,0.04671843976228577,*
P-OX-Inquisitiveness,P-HH-Greed avoidance,0.0540118612306869,0.47395791866335935,
P-OX-Inquisitiveness,P-HH-Fairness,0.06551873076928928,0.3848993648452566,
P-OX-Inquisitiveness,P-HH-Sincerity,-0.024856313456084987,0.7418993967916623,
P-OX-Inquisitiveness,AVG-P-Honesty-Humility,0.0926893007615609,0.21848445780203563,
P-OX-Inquisitiveness,ATT-Favourable,0.06778464819068064,0.36864035454795546,
P-OX-Inquisitiveness,ATT-Smart,0.12017814607242103,0.11007037740157527,
P-OX-Inquisitiveness,AVG-ATT,0.11106603400099123,0.13996099843192122,
P-OX-Inquisitiveness,BEH-take_part,0.06768654359803522,0.36933540205131765,
P-OX-Inquisitiveness,BEH-passenger-usage,0.04396114318569664,0.5601192147015646,
P-OX-Inquisitiveness,BEH-driver-usage,0.07272918199502974,0.3346598012305021,
P-OX-Inquisitiveness,INT-passenger,0.036251410307251875,0.6309397076579968,
P-OX-Inquisitiveness,INT-driver,0.04933840318250287,0.5131006721903673,
P-OX-Creativity,P-OX-Unconventionality,0.1733910444689172,0.020635539510536607,*
P-OX-Creativity,AVG-P-Opennes_to_experience,0.5829516804947449,1.3736335139885584e-17,***
P-OX-Creativity,P-E-Social_boldness,0.18741766676311167,0.01224218556623447,*
P-OX-Creativity,P-E-Social_self-esteem,0.05417785054509408,0.472598250096352,
P-OX-Creativity,P-E-Sociability,0.06916429038715155,0.35895155117553124,
P-OX-Creativity,P-E-Liveliness,-0.11885948531460805,0.11405694703138239,
P-OX-Creativity,AVG-P-Extraversion,0.0750363611720636,0.3195120967675817,
P-OX-Creativity,P-HH-Modesty,-0.020921208261176823,0.7816360802312962,
P-OX-Creativity,P-HH-Greed avoidance,-0.11584069776478999,0.123607247352016,
P-OX-Creativity,P-HH-Fairness,-0.1040528546009942,0.16690641436794693,
P-OX-Creativity,P-HH-Sincerity,-0.04052831220158012,0.5911803019652386,
P-OX-Creativity,AVG-P-Honesty-Humility,-0.11293787659281294,0.13336334009996242,
P-OX-Creativity,ATT-Favourable,0.02703689092482476,0.7201627629220819,
P-OX-Creativity,ATT-Smart,0.15063539170737258,0.04474595542588663,*
P-OX-Creativity,AVG-ATT,0.10760179471415596,0.15282409861454588,
P-OX-Creativity,BEH-take_part,0.10176649019817283,0.17647750324021522,
P-OX-Creativity,BEH-passenger-usage,0.012710640717684315,0.8662739922897562,
P-OX-Creativity,BEH-driver-usage,0.07754084242814285,0.30358061306059686,
P-OX-Creativity,INT-passenger,-0.0015708705611100402,0.9833969136666445,
P-OX-Creativity,INT-driver,0.06225136941503159,0.4090954383618946,
P-OX-Unconventionality,AVG-P-Opennes_to_experience,0.5678230476009909,1.3922871943846904e-16,***
P-OX-Unconventionality,P-E-Social_boldness,0.04957440477734611,0.5110847915212542,
P-OX-Unconventionality,P-E-Social_self-esteem,-0.054820761400663554,0.4673521243799645,
P-OX-Unconventionality,P-E-Sociability,0.03498895192146469,0.6428884570952031,
P-OX-Unconventionality,P-E-Liveliness,-0.06917054642967434,0.35890798157276005,
P-OX-Unconventionality,AVG-P-Extraversion,-0.012597093470834566,0.867457594210243,
P-OX-Unconventionality,P-HH-Modesty,0.09064555231883868,0.22885207450183678,
P-OX-Unconventionality,P-HH-Greed avoidance,0.053769453072494415,0.47594738086639204,
P-OX-Unconventionality,P-HH-Fairness,0.0408676396761286,0.5880752818386207,
P-OX-Unconventionality,P-HH-Sincerity,-0.015664360628431424,0.8355967552572088,
P-OX-Unconventionality,AVG-P-Honesty-Humility,0.06480081310126526,0.39014008110247356,
P-OX-Unconventionality,ATT-Favourable,0.017330859996364033,0.818394265481842,
P-OX-Unconventionality,ATT-Smart,0.08562500663110817,0.2557807897448957,
P-OX-Unconventionality,AVG-ATT,0.062234544979952955,0.40922230719490715,
P-OX-Unconventionality,BEH-take_part,0.07784355644864162,0.301691073061705,
P-OX-Unconventionality,BEH-passenger-usage,0.07867279983759067,0.29655477365521704,
P-OX-Unconventionality,BEH-driver-usage,-0.010864720742443995,0.8855506405203638,
P-OX-Unconventionality,INT-passenger,0.1720715099087792,0.021635653140885704,*
P-OX-Unconventionality,INT-driver,0.16821435126337464,0.02480243719704782,*
AVG-P-Opennes_to_experience,P-E-Social_boldness,-0.005251013822327691,0.9445405572243177,
AVG-P-Opennes_to_experience,P-E-Social_self-esteem,-0.08458134732366138,0.2616420847129837,
AVG-P-Opennes_to_experience,P-E-Sociability,-0.026130779714148348,0.7291690876049471,
AVG-P-Opennes_to_experience,P-E-Liveliness,-0.060362076650344536,0.4234866375363544,
AVG-P-Opennes_to_experience,AVG-P-Extraversion,-0.06454061530580059,0.39205006278183324,
AVG-P-Opennes_to_experience,P-HH-Modesty,0.11873085393657631,0.11445178126825614,
AVG-P-Opennes_to_experience,P-HH-Greed avoidance,-0.0019016133955677157,0.9799018450807266,
AVG-P-Opennes_to_experience,P-HH-Fairness,0.01275516066335558,0.8658100030701065,
AVG-P-Opennes_to_experience,P-HH-Sincerity,-0.047051745274197934,0.5328433585535417,
AVG-P-Opennes_to_experience,AVG-P-Honesty-Humility,0.02817605793994386,0.7088945039876361,
AVG-P-Opennes_to_experience,ATT-Favourable,0.047170594658548885,0.5318079210490958,
AVG-P-Opennes_to_experience,ATT-Smart,0.203480481235163,0.006445704074255458,**
AVG-P-Opennes_to_experience,AVG-ATT,0.15116139204489953,0.04399644709550938,*
AVG-P-Opennes_to_experience,BEH-take_part,0.11924340486588487,0.11288482557518281,
AVG-P-Opennes_to_experience,BEH-passenger-usage,0.09701485027621423,0.19765491799973114,
AVG-P-Opennes_to_experience,BEH-driver-usage,-0.0016170924667794264,0.9829084510366745,
AVG-P-Opennes_to_experience,INT-passenger,0.05591596901934269,0.4584894522089126,
AVG-P-Opennes_to_experience,INT-driver,0.04840951278557799,0.5210747789764224,
P-E-Social_boldness,P-E-Social_self-esteem,0.23467761305780285,0.001615555045291952,**
P-E-Social_boldness,P-E-Sociability,0.39710848622134565,4.062303648792787e-08,***
P-E-Social_boldness,P-E-Liveliness,0.04392075395877655,0.5604800604927044,
P-E-Social_boldness,AVG-P-Extraversion,0.7105125012275414,1.1565581396974878e-28,***
P-E-Social_boldness,P-HH-Modesty,-0.27698047586848723,0.00018195061299867746,***
P-E-Social_boldness,P-HH-Greed avoidance,-0.13531892812860255,0.07171027746365162,
P-E-Social_boldness,P-HH-Fairness,-0.008961551434162171,0.9054955710022692,
P-E-Social_boldness,P-HH-Sincerity,0.016037257003275622,0.8317404359346002,
P-E-Social_boldness,AVG-P-Honesty-Humility,-0.15598440878807412,0.037601375464462794,*
P-E-Social_boldness,ATT-Favourable,0.06751967826557874,0.3705194569652728,
P-E-Social_boldness,ATT-Smart,0.21501955595692165,0.003947848209798818,**
P-E-Social_boldness,AVG-ATT,0.1693787678346054,0.02380696305127938,*
P-E-Social_boldness,BEH-take_part,0.03218317243183544,0.6697708654423142,
P-E-Social_boldness,BEH-passenger-usage,-0.08821488525937493,0.24162860308891587,
P-E-Social_boldness,BEH-driver-usage,0.0862551245448226,0.25228610686896763,
P-E-Social_boldness,INT-passenger,0.1557227148403453,0.03792703725086631,*
P-E-Social_boldness,INT-driver,0.2094591451039283,0.005015433350768472,**
P-E-Social_self-esteem,P-E-Sociability,0.28479710310863465,0.00011668077582413016,***
P-E-Social_self-esteem,P-E-Liveliness,0.12086856356306137,0.10802709633070122,
P-E-Social_self-esteem,AVG-P-Extraversion,0.5620858549803209,3.250066842729767e-16,***
P-E-Social_self-esteem,P-HH-Modesty,-0.05308849885884794,0.4815602279444444,
P-E-Social_self-esteem,P-HH-Greed avoidance,0.10808226324757575,0.1509886164326794,
P-E-Social_self-esteem,P-HH-Fairness,0.020589886818086267,0.7850093285347383,
P-E-Social_self-esteem,P-HH-Sincerity,-0.002744709011201281,0.9709944610604732,
P-E-Social_self-esteem,AVG-P-Honesty-Humility,0.02952250830831216,0.6956570254028064,
P-E-Social_self-esteem,ATT-Favourable,-0.07874347440428674,0.2961197166129765,
P-E-Social_self-esteem,ATT-Smart,-0.00850977692917897,0.9102392701806178,
P-E-Social_self-esteem,AVG-ATT,-0.04821760479631283,0.5227300719526987,
P-E-Social_self-esteem,BEH-take_part,-0.13464744713091623,0.07314356190884021,
P-E-Social_self-esteem,BEH-passenger-usage,-0.14495800969196657,0.053536872834412164,
P-E-Social_self-esteem,BEH-driver-usage,-0.023504553170525834,0.7554786446679869,
P-E-Social_self-esteem,INT-passenger,-0.02027498344645606,0.7882191372956102,
P-E-Social_self-esteem,INT-driver,-0.023409816620474595,0.7564332003782582,
P-E-Sociability,P-E-Liveliness,0.11580749313231291,0.12371563303786627,
P-E-Sociability,AVG-P-Extraversion,0.668070447912596,2.278637759214854e-24,***
P-E-Sociability,P-HH-Modesty,-0.06636109637868462,0.37880490159007235,
P-E-Sociability,P-HH-Greed avoidance,-0.08010346937549098,0.2878303751466129,
P-E-Sociability,P-HH-Fairness,0.025911787484996326,0.7313513946143337,
P-E-Sociability,P-HH-Sincerity,0.011527444810200006,0.8786215803380949,
P-E-Sociability,AVG-P-Honesty-Humility,-0.042003701058712595,0.5777345464378377,
P-E-Sociability,ATT-Favourable,0.05742536753749272,0.4464296438926411,
P-E-Sociability,ATT-Smart,0.12100740034325615,0.10761982869102062,
P-E-Sociability,AVG-ATT,0.10592382182330533,0.15936640788620637,
P-E-Sociability,BEH-take_part,0.0016610706505133974,0.9824437054468581,
P-E-Sociability,BEH-passenger-usage,-0.1068820237454928,0.15560518496974748,
P-E-Sociability,BEH-driver-usage,-0.015521892519392235,0.8370711340112827,
P-E-Sociability,INT-passenger,0.18235339366986278,0.014841666743607155,*
P-E-Sociability,INT-driver,0.18058785099767058,0.01585507228950738,*
P-E-Liveliness,AVG-P-Extraversion,0.5632081394303912,2.7569732381825127e-16,***
P-E-Liveliness,P-HH-Modesty,0.12664127011466958,0.09208689808504679,
P-E-Liveliness,P-HH-Greed avoidance,-0.0157910979502802,0.8342856528570047,
P-E-Liveliness,P-HH-Fairness,0.2053375354682376,0.005966706974740712,**
P-E-Liveliness,P-HH-Sincerity,-0.021216500685735506,0.7786330769273536,
P-E-Liveliness,AVG-P-Honesty-Humility,0.11207887771081018,0.13636079035973026,
P-E-Liveliness,ATT-Favourable,-0.04267141491264309,0.5716966982811654,
P-E-Liveliness,ATT-Smart,-0.03612690291254665,0.6321139525255262,
P-E-Liveliness,AVG-ATT,-0.0455544573786443,0.5459740070194103,
P-E-Liveliness,BEH-take_part,-0.11332044872248657,0.13204475010804462,
P-E-Liveliness,BEH-passenger-usage,-0.09646073350453024,0.20023973534588124,
P-E-Liveliness,BEH-driver-usage,-0.14530792491500352,0.05295653114754993,
P-E-Liveliness,INT-passenger,-0.19091606961300187,0.010688627879195448,*
P-E-Liveliness,INT-driver,-0.10935715627293884,0.14619904255520516,
AVG-P-Extraversion,P-HH-Modesty,-0.11375864604891273,0.13054677035861673,
AVG-P-Extraversion,P-HH-Greed avoidance,-0.06829113985841019,0.36506483362095604,
AVG-P-Extraversion,P-HH-Fairness,0.10635790162589898,0.15765415494147045,
AVG-P-Extraversion,P-HH-Sincerity,0.0009666640905103031,0.9897825312002299,
AVG-P-Extraversion,AVG-P-Honesty-Humility,-0.029022434123459166,0.7005629791738236,
AVG-P-Extraversion,ATT-Favourable,0.009000036986182697,0.9050916190878199,
AVG-P-Extraversion,ATT-Smart,0.12604229411968054,0.09364829814794252,
AVG-P-Extraversion,AVG-ATT,0.08260016590192508,0.27302018761985697,
AVG-P-Extraversion,BEH-take_part,-0.07649332945713365,0.3101792336593265,
AVG-P-Extraversion,BEH-passenger-usage,-0.16681866681433677,0.026042532879868244,*
AVG-P-Extraversion,BEH-driver-usage,-0.03803534718614516,0.6142177196371394,
AVG-P-Extraversion,INT-passenger,0.042012584808131845,0.5776540195805504,
AVG-P-Extraversion,INT-driver,0.10476454431103237,0.1640075743182674,
P-HH-Modesty,P-HH-Greed avoidance,0.3168006582360916,1.6446277203448673e-05,***
P-HH-Modesty,P-HH-Fairness,0.23715501428236757,0.0014358450975032184,**
P-HH-Modesty,P-HH-Sincerity,0.010431122525134902,0.8900888268956825,
P-HH-Modesty,AVG-P-Honesty-Humility,0.6051795461616393,3.6458962905358187e-19,***
P-HH-Modesty,ATT-Favourable,0.03966476778830959,0.5991156804040543,
P-HH-Modesty,ATT-Smart,-0.03054110245433108,0.6857033117955795,
P-HH-Modesty,AVG-ATT,0.002821535926738527,0.9701829392104596,
P-HH-Modesty,BEH-take_part,-0.007665525983350234,0.91911241007058,
P-HH-Modesty,BEH-passenger-usage,0.008678014220602409,0.9084723738493028,
P-HH-Modesty,BEH-driver-usage,-0.034474802014648885,0.6477813148136006,
P-HH-Modesty,INT-passenger,0.01574001180336478,0.8348140862506255,
P-HH-Modesty,INT-driver,-0.03754967643194017,0.6187510457209594,
P-HH-Greed avoidance,P-HH-Fairness,0.14444931730763882,0.05438993272719674,
P-HH-Greed avoidance,P-HH-Sincerity,0.07407711304825185,0.3257551402570843,
P-HH-Greed avoidance,AVG-P-Honesty-Humility,0.609345721607663,1.7887715292728108e-19,***
P-HH-Greed avoidance,ATT-Favourable,0.038604967327358596,0.6089193710192277,
P-HH-Greed avoidance,ATT-Smart,-0.018196056219166607,0.8094967706045522,
P-HH-Greed avoidance,AVG-ATT,0.00985228193092397,0.896152713152103,
P-HH-Greed avoidance,BEH-take_part,0.08482918042693019,0.2602419660377445,
P-HH-Greed avoidance,BEH-passenger-usage,-0.0004728374350179269,0.9950020887479561,
P-HH-Greed avoidance,BEH-driver-usage,-0.02384151603909784,0.7520864491519931,
P-HH-Greed avoidance,INT-passenger,-0.03686763999522885,0.6251416053453991,
P-HH-Greed avoidance,INT-driver,0.04978128644557821,0.5093210276993687,
P-HH-Fairness,P-HH-Sincerity,0.27248596589987883,0.0002335263330073416,***
P-HH-Fairness,AVG-P-Honesty-Humility,0.6598321154511799,1.2902735633795445e-23,***
P-HH-Fairness,ATT-Favourable,0.06481883241896756,0.3900080182805282,
P-HH-Fairness,ATT-Smart,0.018808461496207823,0.8032135761690523,
P-HH-Fairness,AVG-ATT,0.04696634499270877,0.5335880052260635,
P-HH-Fairness,BEH-take_part,0.08807175365507926,0.2423961741645643,
P-HH-Fairness,BEH-passenger-usage,0.058327892941448786,0.43930502813887673,
P-HH-Fairness,BEH-driver-usage,-0.06426678148650136,0.39406620108374757,
P-HH-Fairness,INT-passenger,0.02486957370772676,0.7417665755614122,
P-HH-Fairness,INT-driver,-0.046356460446178874,0.5389209973846528,
P-HH-Sincerity,AVG-P-Honesty-Humility,0.5938224258500199,2.4113298407191452e-18,***
P-HH-Sincerity,ATT-Favourable,-0.07979536336912413,0.28969458618291716,
P-HH-Sincerity,ATT-Smart,-0.0696218156501278,0.3557738583678354,
P-HH-Sincerity,AVG-ATT,-0.08645923458926182,0.2511612059078462,
P-HH-Sincerity,BEH-take_part,0.07077160090473773,0.34786609501874494,
P-HH-Sincerity,BEH-passenger-usage,0.1736782499294597,0.020423233268185213,*
P-HH-Sincerity,BEH-driver-usage,0.08490184033658552,0.25983245443533715,
P-HH-Sincerity,INT-passenger,-0.01964067809510079,0.7946953919444176,
P-HH-Sincerity,INT-driver,-0.040621758651803314,0.5903244737671566,
AVG-P-Honesty-Humility,ATT-Favourable,0.01939952125729212,0.7971613138243197,
AVG-P-Honesty-Humility,ATT-Smart,-0.04328759900659528,0.5661513441343309,
AVG-P-Honesty-Humility,AVG-ATT,-0.01609430547719347,0.8311508189829674,
AVG-P-Honesty-Humility,BEH-take_part,0.09720534513169511,0.1967719223795516,
AVG-P-Honesty-Humility,BEH-passenger-usage,0.10470830184730076,0.16423528220752603,
AVG-P-Honesty-Humility,BEH-driver-usage,-0.008995762474416347,0.9051364840030135,
AVG-P-Honesty-Humility,INT-passenger,-0.007965589894374436,0.9159575145398979,
AVG-P-Honesty-Humility,INT-driver,-0.03095340550932975,0.6816894878616075,
ATT-Favourable,ATT-Smart,0.47904318980986627,1.3403466542118647e-11,***
ATT-Favourable,AVG-ATT,0.8409945155725851,7.97359725569888e-49,***
ATT-Favourable,BEH-take_part,0.16237769280821174,0.030348018541408884,*
ATT-Favourable,BEH-passenger-usage,0.194940762714708,0.009118584069871405,**
ATT-Favourable,BEH-driver-usage,0.11558047795540317,0.1244586213233508,
ATT-Favourable,INT-passenger,0.3434551821690645,2.685026894898078e-06,***
ATT-Favourable,INT-driver,0.2525111128812077,0.0006727294880985314,***
ATT-Smart,AVG-ATT,0.877796116268125,3.7930858761679104e-58,***
ATT-Smart,BEH-take_part,0.1917418663465936,0.010348315942012982,*
ATT-Smart,BEH-passenger-usage,0.17508521126395776,0.019410263556778624,*
ATT-Smart,BEH-driver-usage,0.09809095669423762,0.19270446626819812,
ATT-Smart,INT-passenger,0.23727006439993475,0.0014279613875843255,**
ATT-Smart,INT-driver,0.2802135851154975,0.00015164722610955264,***
AVG-ATT,BEH-take_part,0.20679769308902657,0.005612688592569889,**
AVG-ATT,BEH-passenger-usage,0.2143015881443384,0.004073096026914155,**
AVG-ATT,BEH-driver-usage,0.12353564255135209,0.10041226360579669,
AVG-ATT,INT-passenger,0.3336787509717997,5.323893168427649e-06,***
AVG-ATT,INT-driver,0.3105171861816105,2.4606319693283356e-05,***
BEH-take_part,BEH-passenger-usage,0.5349608341728239,1.4454317019010674e-14,***
BEH-take_part,BEH-driver-usage,0.2997101790558933,4.8179144919472866e-05,***
BEH-take_part,INT-passenger,0.2512639046122352,0.000716721787371629,***
BEH-take_part,INT-driver,0.19872724389839083,0.007831499404638027,**
BEH-passenger-usage,BEH-driver-usage,0.5284370812178716,3.4257978533840295e-14,***
BEH-passenger-usage,INT-passenger,0.38690433173471195,9.5638966222842e-08,***
BEH-passenger-usage,INT-driver,0.125088618025006,0.0961776944688069,
BEH-driver-usage,INT-passenger,0.14599878043020809,0.051826031688498274,
BEH-driver-usage,INT-driver,0.1867006436809326,0.012584043037102262,*
INT-passenger,INT-driver,0.4888528155955269,4.4150595829498274e-12,***
